rxn_ids,rxn_names,reactions,rxn_bounds,rxn_subsystems
PACCOAL,phenylacetate-CoA ligase,atp_c + coa_c + pac_c --> amp_c + 2.0 h_c + phaccoa_c + ppi_c,"(0.0, 100.0)",Phenylalanine metabolism
PEAMNO,Phenethylamine oxidase,h2o_c + o2_c + peamn_c --> h2o2_c + nh4_c + pacald_c,"(0.0, 100.0)",Phenylalanine metabolism
PHACCOAGLNAC,Phenylacetyl-CoA:L-glutamine alpha-N-phenylacetyltransferase,gln_L_c + phaccoa_c --> coa_c + h_c + pheacgln_c,"(0.0, 100.0)",Phenylalanine metabolism
PHETA1,phenylalanine transaminase,akg_c + phe_L_c <=> glu_L_c + phpyr_c,"(-100.0, 100.0)",Phenylalanine metabolism
PHETA1m,phenylalanine transaminase (m),akg_m + phe_L_m <=> glu_L_m + phpyr_m,"(-100.0, 100.0)",Phenylalanine metabolism
PHETHPTOX2,"L-Phenylalanine,tetrahydrobiopterin:oxygen oxidoreductase (4-hydroxylating)",o2_c + phe_L_c + thbpt_c --> thbpt4acam_c + tyr_L_c,"(0.0, 100.0)",Phenylalanine metabolism
PHYCBOXL,L-Phenylalanine carboxy-lyase,h_c + phe_L_c --> co2_c + peamn_c,"(0.0, 100.0)",Phenylalanine metabolism
PPOR,"Phenylpyruvate:oxygen oxidoreductase (hydroxylating,decarboxylating)",o2_c + phpyr_c --> 2hyoxplac_c + co2_c,"(0.0, 100.0)",Phenylalanine metabolism
r0545,Phenylacetaldehyde:NAD+ oxidoreductase Phenylalanine metabolism / Styrene degradation EC:1.2.1.5 EC:1.2.1.39,h2o_c + nad_c + pacald_c --> 2.0 h_c + nadh_c + pac_c,"(0.0, 100.0)",Phenylalanine metabolism
r0547,Aldehyde:NADP+ oxidoreductase Phenylalanine metabolism EC:1.2.1.5,h2o_c + nadp_c + pacald_c <=> 2.0 h_c + nadph_c + pac_c,"(-100.0, 100.0)",Phenylalanine metabolism
r0399,"L-Phenylalanine,tetrahydrobiopterin:oxygen oxidoreductase (4-hydroxylating) Phenylalanine, tyrosine and tryptophan biosynthesis EC:1.14.16.1",o2_c + phe_L_c + thbpt_c <=> dhbpt_c + h2o_c + tyr_L_c,"(-100.0, 100.0)",Tetrahydrobiopterin metabolism
ABUTt2rL,4-aminobutyrate reversible transport in via proton symport (lysosome),4abut_l + h_l <=> 4abut_c + h_c,"(-100.0, 100.0)","Transport, lysosomal"
GALGLUSIDEtl,galgluside hs intracellular transport,galgluside_hs_c <=> galgluside_hs_l,"(-100.0, 100.0)","Transport, lysosomal"
GLYt2rL,glycine reversible transport via proton symport (lysosome),gly_l + h_l <=> gly_c + h_c,"(-100.0, 100.0)","Transport, lysosomal"
SARCStm,Sarcosine transport (mitochondrial),sarcs_c --> sarcs_m,"(0.0, 100.0)","Transport, mitochondrial"
DNDPt43m,dUTP transport via ATP antiport,atp_m + dutp_c --> atp_c + dutp_m,"(0.0, 100.0)","Transport, mitochondrial"
r1434,Transport reaction,ala_L_c --> ala_L_m,"(0.0, 100.0)","Transport, mitochondrial"
r0994,Facilitated diffusion,C02528_c <=> C02528_r,"(-100.0, 100.0)","Transport, endoplasmic reticular"
r0826,Transport reaction,inost_c --> inost_r,"(0.0, 100.0)","Transport, endoplasmic reticular"
TSTSTERONEGLCtr,glucuronidated compound transport,tststeroneglc_c <=> tststeroneglc_r,"(-100.0, 100.0)","Transport, endoplasmic reticular"
r0283,L-Histidine:beta-alanine ligase (AMP-forming) Alanine and aspartate metabolism / Histidine metabolism / beta-Alanine metabolism EC:6.3.2.11,ala_B_c + atp_c + his_L_c --> amp_c + carn_c + 2.0 h_c + ppi_c,"(0.0, 100.0)",beta-Alanine metabolism
APAT2rm,3-Aminopropanoate:2-oxoglutarate aminotransferase (m),akg_m + ala_B_m <=> glu_L_m + msa_m,"(-100.0, 100.0)",beta-Alanine metabolism
13DAMPPOX,"1,3-Diaminopropane:oxygen oxidoreductase (deaminating)",13dampp_c + h2o_c + o2_c --> bamppald_c + h2o2_c + nh4_c,"(0.0, 100.0)",beta-Alanine metabolism
VITD3Hm,Vitamin D-25-hydroxylase (D3),2.0 h_m + nadph_m + o2_m + vitd3_m --> 25hvitd3_m + h2o_m + nadp_m,"(0.0, 100.0)",Vitamin D metabolism
1a_25VITD3Hm,"1-alpha,24R,25-Vitamin D-hydroxylase (D3)",1a25dhvitd3_m + 2.0 h_m + nadph_m + o2_m --> 1a2425thvitd3_m + h2o_m + nadp_m,"(0.0, 100.0)",Vitamin D metabolism
24_25VITD2Hm,24R-Vitamin D-25-hydroxylase (D2),25hvitd2_m + 2.0 h_m + nadph_m + o2_m --> 2425dhvitd2_m + h2o_m + nadp_m,"(0.0, 100.0)",Vitamin D metabolism
4MPTNLte,4-methylpentanal transport,4mptnl_c <=> 4mptnl_e,"(-100.0, 100.0)","Transport, extracellular"
r1991,Y+LAT2 Utilized transport,citr_L_c + ile_L_e + na1_e --> citr_L_e + ile_L_c + na1_c,"(0.0, 100.0)","Transport, extracellular"
DOPAVESSEC,Dopamine secretion via secretory vesicle (ATP driven),atp_c + dopa_c + h2o_c --> adp_c + dopa_e + h_c + pi_c,"(0.0, 100.0)","Transport, extracellular"
LYSMTF3n,"histone-lysine N-methyltransferase, nuclear",Ndmelys_n + amet_n --> Ntmelys_n + ahcys_n + h_n,"(0.0, 100.0)",Lysine metabolism
LPCOXp,"L-pipecolate oxidase, peroxisomal",Lpipecol_x + o2_x --> h2o2_x + h_x + thp2c_x,"(0.0, 100.0)",Lysine metabolism
2AMADPTm,L-2-aminoadipate shuttle (cytosol/mitochondria),L2aadp_c + akg_m --> L2aadp_m + akg_c,"(0.0, 100.0)",Lysine metabolism
BHMT,betaine-homocysteine S-methyltransferase,glyb_c + hcys_L_c --> dmgly_c + met_L_c,"(0.0, 100.0)","Glycine, serine, alanine and threonine metabolism"
DMGDHm,"dimethylglycine dehydrogenase, mitochondrial",dmgly_m + fad_m + h2o_m + h_m --> fadh2_m + fald_m + sarcs_m,"(0.0, 100.0)","Glycine, serine, alanine and threonine metabolism"
GCCbim,"glycine-cleavage complex (lipoylprotein) irreversible, mitochondrial",alpro_m + thf_m --> dhlpro_m + mlthf_m + nh4_m,"(0.0, 100.0)","Glycine, serine, alanine and threonine metabolism"
AHC,adenosylhomocysteinase,ahcys_c + h2o_c <=> adn_c + hcys_L_c,"(-100.0, 100.0)",Methionine and cysteine metabolism
CYSLYSL,L-Cystine Lysteine-lyase (deaminating),Lcystin_c + h2o_c --> nh4_c + pyr_c + thcys_c,"(0.0, 100.0)",Methionine and cysteine metabolism
DNAMTn,"DNA (cytosine-5-)-methyltransferase, nucleus",amet_n + dna_n --> ahcys_n + dna5mtc_n + h_n,"(0.0, 100.0)",Methionine and cysteine metabolism
D3AIBTm,"D-3-Amino-isobutanoate:pyruvate aminotransferase, mitochondrial",3aib_D_m + pyr_m <=> 2mop_m + ala_L_m,"(-100.0, 100.0)",Pyrimidine catabolism
r0377,ATP:deoxycitidine 5-phosphotransferase Pyrimidine metabolism EC:2.7.1.74,atp_c + dcyt_c --> adp_c + dcmp_c + h_c,"(0.0, 100.0)",Pyrimidine catabolism
DHPM2,dihydropyrimidinase (dihydrothymine),56dthm_c + h2o_c --> 3uib_c + h_c,"(0.0, 100.0)",Pyrimidine catabolism
PPCOAOm,"Propanoyl-CoA:FAD 2,3-oxidoreductase, mitochondrial",fad_m + h_m + ppcoa_m --> fadh2_m + prpncoa_m,"(0.0, 100.0)",Propanoate metabolism
MCITS,2-methylcitrate synthase,h2o_c + oaa_c + ppcoa_c --> 2mcit_c + coa_c + h_c,"(0.0, 100.0)",Propanoate metabolism
2HBO,2-Hydroxybutyrate:NAD+ oxidoreductase,2hb_c + nad_c <=> 2obut_c + 2.0 h_c + nadh_c,"(-100.0, 100.0)",Propanoate metabolism
TRPHYDRO2,"L-Tryptophan,tetrahydrobiopterin:oxygen oxidoreductase (5-hydroxylating)",o2_c + thbpt_c + trp_L_c --> 5htrp_c + thbpt4acam_c,"(0.0, 100.0)",Tryptophan metabolism
TRPO2,"L-Tryptophan:oxygen 2,3-oxidoreductase (decyclizing)",o2_c + trp_L_c --> Lfmkynr_c,"(0.0, 100.0)",Tryptophan metabolism
RE2746C,RE2746,CE5982_c + h_c --> CE2119_c + h2o_c,"(0.0, 0.0)",Tryptophan metabolism
IDHPOXOX3,Iodide:hydrogen-peroxide oxidoreductase 3,35diotyr_c + 3ityr_L_c + h2o2_c --> 2amac_c + 2.0 h2o_c + triodthy_c,"(0.0, 100.0)",Tyrosine metabolism
RE1923C,RE1923,C09642_c + amet_c --> CE4890_c + ahcys_c + 2.0 h_c,"(0.0, 100.0)",Tyrosine metabolism
RE3095L,RE3095,dopa_l + h2o2_l <=> CE5276_l + 2.0 h2o_l,"(-100.0, 100.0)",Tyrosine metabolism
DPHMBDCm,3-Decaprenyl-4-hydroxy-5-methoxybenzoate  decarboxylation,3dpdhb_me_m + h_m --> 2dp6mep_m + co2_m,"(0.0, 100.0)",Ubiquinone synthesis
COQ7m,Ubiquinone biosynthesis COQ7,2dp6mobq_me_m + h_m + nadph_m + o2_m --> 2dpmhobq_m + h2o_m + nadp_m,"(0.0, 100.0)",Ubiquinone synthesis
T4HCINNMFM,4-hydroxycinnamate formation,34hpl_m --> T4hcinnm_m + h2o_m,"(0.0, 100.0)",Ubiquinone synthesis
ACCOAtn,"acetyl-CoA transport, nuclear",accoa_c <=> accoa_n,"(-100.0, 100.0)","Transport, nuclear"
PPMI12346Ptn,5-diphosphatidylinositol pentakisphosphate nuclear transport (diffusion),ppmi12346p_c <=> ppmi12346p_n,"(-100.0, 100.0)","Transport, nuclear"
MI1346Ptn,"1D-myo-Inositol 1,3,4,6-tetrakisphosphate nuclear transport (diffusion)",mi1346p_c <=> mi1346p_n,"(-100.0, 100.0)","Transport, nuclear"
PPCOACm,"Propionyl-CoA carboxylase, mitochondrial",atp_m + hco3_m + ppcoa_m --> adp_m + h_m + mmcoa_S_m + pi_m,"(0.0, 100.0)","Valine, leucine, and isoleucine metabolism"
r0669,"(S)-3-Hydroxyisobutyryl-CoA hydro-lyase Valine, leucine and isoleucine degradation EC:4.2.1.17",2mp2coa_m + h2o_m --> HC01223_m,"(0.0, 100.0)","Valine, leucine, and isoleucine metabolism"
MMCD,Methylmalonyl-CoA decarboxylase,h_c + mmcoa_S_c --> co2_c + ppcoa_c,"(0.0, 100.0)","Valine, leucine, and isoleucine metabolism"
GAO2g,Ganglioside O-acetylation,accoa_g + gt3_hs_g --> coa_g + oagt3_hs_g,"(0.0, 100.0)",Sphingolipid metabolism
DSAT,dihydrosphingosine N-acyltransferase,Rtotalcoa_c + sphgn_c --> coa_c + dhcrm_hs_c + h_c,"(0.0, 100.0)",Sphingolipid metabolism
GBGT1,"globoside alpha-1,3-N-acetylgalactosaminyltransferase 1",gbside_hs_g + udpacgal_g --> acgagbside_hs_g + h_g + udp_g,"(0.0, 100.0)",Sphingolipid metabolism
3HBCDm,"3-hydroxybutyryl-CoA dehydratase, mitochondrial",b2coa_m + h2o_m <=> 3hbcoa_R_m,"(-100.0, 100.0)",Butanoate metabolism
BDHm,(R)-3-Hydroxybutanoate:NAD+ oxidoreductase,bhb_m + nad_m <=> acac_m + 2.0 h_m + nadh_m,"(-100.0, 100.0)",Butanoate metabolism
ACOAD1fm,"acyl-CoA dehydrogenase (butanoyl-CoA), mitochondrial",btcoa_m + fad_m + h_m --> b2coa_m + fadh2_m,"(0.0, 100.0)",Butanoate metabolism
GUAD,guanine deaminase,gua_c + h2o_c + h_c --> nh4_c + xan_c,"(0.0, 100.0)",Purine catabolism
PUNP5,purine-nucleoside phosphorylase (Inosine),ins_c + pi_c <=> h_c + hxan_c + r1p_c,"(-100.0, 100.0)",Purine catabolism
RE2888C,RE2888,h2o2_c + urate_c <=> CE0074_c + h_c + urea_c,"(-100.0, 100.0)",Purine catabolism
HYPTROX,Hypotaurine oxidase,2.0 hyptaur_c + o2_c --> 2.0 taur_c,"(0.0, 100.0)",Taurine and hypotaurine metabolism
3SALACBOXL,3-Sulfino-L-alanine carboxy-lyase,3sala_c + h_c --> co2_c + hyptaur_c,"(0.0, 100.0)",Taurine and hypotaurine metabolism
LCYSTCBOXL,3-Sulfoalanine carboxy-lyase,Lcyst_c + h_c --> co2_c + taur_c,"(0.0, 100.0)",Taurine and hypotaurine metabolism
PROD2,Proline dehydrogenase,fad_c + pro_L_c --> 1pyr5c_c + fadh2_c,"(0.0, 100.0)",Arginine and Proline Metabolism
r0616,trans-4-Hydroxy-L-proline:NAD+ 5-oxidoreductase Arginine and proline metabolism EC:1.5.1.2,4hpro_LT_m + nad_m <=> 1p3h5c_m + 3.0 h_m + nadh_m,"(-100.0, 100.0)",Arginine and Proline Metabolism
MTRI,5-methylthioribose-1-phosphate isomerase,5mdr1p_c <=> 5mdru1p_c,"(-100.0, 100.0)",Arginine and Proline Metabolism
P4502C9,cytochrome P450 2C9,2.0 h_c + nadph_c + o2_c + tolbutamide_c --> 4mtolbutamide_c + h2o_c + nadp_c,"(0.0, 100.0)",Cytochrome metabolism
P4502C8,cytochrome P450 2C8,h_c + nadph_c + o2_c + taxol_c --> h2o_c + htaxol_c + nadp_c,"(0.0, 100.0)",Cytochrome metabolism
4NPHSULT,4-Nitrophenol Sulfotransferase,4nph_c + paps_c --> 4nphsf_c + h_c + pap_c,"(0.0, 100.0)",Cytochrome metabolism
SR5AR2r,3-oxo-5-alpha-steroid 4-dehydrogenase,andrstndn_r + 2.0 h_r + nadph_r --> andrstandn_r + nadp_r,"(0.0, 100.0)",Steroid metabolism
AKR1C1,"aldo-keto reductase family 1, member C1 (chlordecone reductase; 3-alpha hydroxysteroid dehydrogenase, type I; dihydrodiol dehydrogenase 4)",2.0 h_c + nadph_c + prgstrn_c --> aprgstrn_c + nadp_c,"(0.0, 100.0)",Steroid metabolism
RE1096R,RE1096,17ahprgstrn_r + h_r + nadph_r + o2_r --> ac_r + andrstndn_r + h2o_r + nadp_r,"(0.0, 100.0)",Steroid metabolism
RE3052C,RE3052,cpppg3_c + 2.0 h_c --> C05770_c,"(0.0, 0.0)",Heme synthesis
UPP3S,uroporphyrinogen-III synthase,hmbil_c --> h2o_c + uppg3_c,"(0.0, 100.0)",Heme synthesis
RE3637C,RE3637,2.0 h_c + uppg3_c --> C05767_c,"(0.0, 0.0)",Heme synthesis
SIAASEly,"sialidase, lysosomal",2.0 h2o_l + s2l2n2m2mn_l --> 2.0 acnam_l + l2n2m2mn_l,"(0.0, 100.0)",N-glycan degradation
ENGASEly,"endo-beta-N-acetylglucosaminidase, lysosomal",h2o_l + s2l2n2m2m_l --> acgam_l + s2l2n2m2mn_l,"(0.0, 100.0)",N-glycan degradation
A_MANASE,alpha-mannosidase,2.0 h2o_c + m2mn_c --> 2.0 man_c + mn_c,"(0.0, 100.0)",N-glycan degradation
CORE8GTg,"N-acetylgalactosamine 3-alpha-galactosyltransferase, Golgi apparatus",Tn_antigen_g + udpgal_g --> core8_g + udp_g,"(0.0, 100.0)",O-glycan synthesis
CORE7GTg,"Core 7 alpha-GalNAc-transferase, Golgi apparatus",Tn_antigen_g + udpacgal_g --> core7_g + udp_g,"(0.0, 100.0)",O-glycan synthesis
A4GNT1g,"alpha 1,4-N-acetylglucosaminyltransferase, Golgi apparatus",T_antigen_g + uacgam_g --> gncore1_g + udp_g,"(0.0, 100.0)",O-glycan synthesis
B3GNT51g,"UDP-GlcNAc:betaGal beta-1,3-N-acetylglucosaminyltransferase 5",galgluside_hs_g + uacgam_g --> acglcgalgluside_hs_g + h_g + udp_g,"(0.0, 100.0)",Blood group synthesis
FUT18g,Galactoside 2-alpha-L-fucosyltransferase 1,galacglcgalacglcgal14acglcgalgluside_hs_g + 2.0 gdpfuc_g --> fucfucgalacglcgalacglcgal14acglcgalgluside_hs_g + 2.0 gdp_g + 2.0 h_g,"(0.0, 100.0)",Blood group synthesis
ST3GAL61g,"Type 2 lactosamine alpha-2,3-sialyltransferase",cmpacna_g + gal14acglcgalgluside_hs_g --> acngal14acglcgalgluside_hs_g + cmp_g + h_g,"(0.0, 100.0)",Blood group synthesis
GTHO,glutathione oxidoreductase,gthox_c + 2.0 h_c + nadph_c --> 2.0 gthrd_c + nadp_c,"(0.0, 100.0)",Glutamate metabolism
GLUNm,glutaminase (mitochondrial),gln_L_m + h2o_m --> glu_L_m + nh4_m,"(0.0, 100.0)",Glutamate metabolism
ABTArm,"4-aminobutyrate transaminase, reversible (mitochondrial)",4abut_m + akg_m <=> glu_L_m + sucsal_m,"(-100.0, 100.0)",Glutamate metabolism
GUR1PP,Glucuronate 1-phosphate phosphatase,glcur1p_c + h2o_c --> glcur_c + pi_c,"(0.0, 100.0)",Pentose phosphate pathway
PRPPS,phosphoribosylpyrophosphate synthetase,atp_c + r5p_c <=> amp_c + h_c + prpp_c,"(-100.0, 100.0)",Pentose phosphate pathway
RBK_D,D-ribulokinase,atp_c + rbl_D_c --> adp_c + h_c + ru5p_D_c,"(0.0, 100.0)",Pentose phosphate pathway
SQLSr,Squalene synthase,2.0 frdp_r + nadph_r --> nadp_r + 2.0 ppi_r + sql_r,"(0.0, 100.0)",Cholesterol metabolism
MEVK1x,mevalonate kinase (atp),atp_x + mev_R_x --> 5pmev_x + adp_x + h_x,"(0.0, 100.0)",Cholesterol metabolism
C14STRr,C-14 sterol reductase,44mctr_r + 2.0 h_r + nadph_r --> 44mzym_r + nadp_r,"(0.0, 100.0)",Cholesterol metabolism
FAOXC182806m,Beta oxidation of fatty acid,5.0 coa_m + 3.0 fad_m + 5.0 h2o_m + lnlccoa_m + 5.0 nad_m --> 5.0 accoa_m + 3.0 fadh2_m + 7.0 h_m + 5.0 nadh_m + occoa_m,"(0.0, 100.0)",Fatty acid oxidation
FAOXC226205x,Beta oxidation of long chain fatty acid,c226coa_x + coa_x + h2o_x + nad_x --> accoa_x + 2.0 h_x + nadh_x + tmndnccoa_x,"(0.0, 100.0)",Fatty acid oxidation
RE3624X,RE3624,CE4794_x + h_x + o2_x --> C05279_x + h2o2_x,"(0.0, 100.0)",Fatty acid oxidation
C9BRxtc,transport of dimethylnonanoylcarnitine from peroxisomes to cytosol,dmnoncrn_x <=> dmnoncrn_c,"(-100.0, 100.0)","Transport, peroxisomal"
SCP21cx,transport of phytanoylcoa from cytosol to peroxisomes.,atp_c + h2o_c + phytcoa_c --> adp_c + h_c + phytcoa_x + pi_c,"(0.0, 100.0)","Transport, peroxisomal"
H2O2tp,hydrogen peroxide peroxisomal transport via diffusion,h2o2_c <=> h2o2_x,"(-100.0, 100.0)","Transport, peroxisomal"
XSERtg,Xyl-L-Ser (protein) transport from endoplasmic reticulum to Golgi apparatus,xser_r --> xser_g,"(0.0, 100.0)","Transport, golgi apparatus"
GDPtg,GDP intracellular transport,gdp_c <=> gdp_g,"(-100.0, 100.0)","Transport, golgi apparatus"
UGLCNACtg,UDP-GlcNAc Golgi transport via CMP antiport,uacgam_c + ump_g <=> uacgam_g + ump_c,"(-100.0, 100.0)","Transport, golgi apparatus"
UAG4E,UDP-N-acetylglucosamine 4-epimerase,uacgam_c <=> udpacgal_c,"(-100.0, 100.0)",Aminosugar metabolism
ACGAM6PSi,N-acetylglucosamine-6-phosphate synthase,accoa_c + gam6p_c --> acgam6p_c + coa_c + h_c,"(0.0, 100.0)",Aminosugar metabolism
ACGAMK,N-acetylglucosamine kinase,acgam_c + atp_c --> acgam6p_c + adp_c + h_c,"(0.0, 100.0)",Aminosugar metabolism
RE2974N,RE2974,atp_n + pail3p_hs_n <=> CE5132_n + adp_n + h_n,"(-100.0, 100.0)",Phosphatidylinositol phosphate metabolism
M4CET3er,"M4C phosphoethanolaminyl transferase, endoplasmic reticulum",m3emgacpail_hs_r + pe_hs_r --> dag_hs_r + mem2emgacpail_hs_r,"(0.0, 100.0)",Phosphatidylinositol phosphate metabolism
BMTer_L,"B mannosyltransferase, endoplasmic reticulum",0.1 dolmanp_L_r + memgacpail_hs_r --> 0.1 dolp_L_r + h_r + m2emgacpail_hs_r,"(0.0, 100.0)",Phosphatidylinositol phosphate metabolism
RE0827E,RE0827,CE1935_e + h2o_e + o2_e --> CE1936_e + h2o2_e + nh4_e,"(0.0, 100.0)",Urea cycle
RE0827X,RE0827,CE1935_x + h2o_x + o2_x --> CE1936_x + h2o2_x + nh4_x,"(0.0, 100.0)",Urea cycle
RE3367X,RE3367,CE1939_x + h2o_x + o2_x --> CE1943_x + h2o2_x + nh4_x,"(0.0, 100.0)",Urea cycle
r0245,Glycerol:NADP+ oxidoreductase Glycerolipid metabolism EC:1.1.1.2 EC:1.1.1.72,glyc_c + nadp_c <=> glyald_c + 2.0 h_c + nadph_c,"(-100.0, 100.0)",Glycerophospholipid metabolism
AGLPC,alkyl acylglycerol phosphocholine transferase,ak2g_hs_c + cdpchol_c --> ak2gchol_hs_c + cmp_c + h2o_c + h_c,"(0.0, 100.0)",Glycerophospholipid metabolism
RE3301R,RE3301,h2o_r + ps_hs_r <=> h_r + pa_hs_r + ser_L_r,"(-100.0, 100.0)",Glycerophospholipid metabolism
FUMm,"fumarase, mitochondrial",fum_m + h2o_m <=> mal_L_m,"(-100.0, 100.0)",Citric acid cycle
FUM,fumarase,fum_c + h2o_c <=> mal_L_c,"(-100.0, 100.0)",Citric acid cycle
ACONT,aconitase,cit_c <=> icit_c,"(-100.0, 100.0)",Citric acid cycle
ALCD21_L,"alcohol dehydrogenase (L-1,2-propanediol)",12ppd_S_c + nad_c --> 2.0 h_c + lald_L_c + nadh_c,"(0.0, 100.0)",Pyruvate metabolism
ME1m,"malic enzyme (NAD), mitochondrial",mal_L_m + nad_m --> co2_m + h_m + nadh_m + pyr_m,"(0.0, 100.0)",Pyruvate metabolism
ALR3,aldose reductase (acetol),acetol_c + 2.0 h_c + nadph_c --> 12ppd_S_c + nadp_c,"(0.0, 100.0)",Pyruvate metabolism
RE2636R,RE2636,C03990_r + 2.0 h_r + nadph_r + o2_r --> C04483_r + h2o_r + nadp_r,"(0.0, 100.0)",Bile acid synthesis
RE2814M,RE2814,nad_m + xol27oh_m <=> 2.0 h_m + nadh_m + xol7aone_m,"(-100.0, 100.0)",Bile acid synthesis
SCP2x,peroxisomal thiolase 2,3.0 co2_x + 8.0 coa_x + 7.0 dhcholoylcoa_x + 2.0 h2o_x --> 7.0 dgcholcoa_x + 7.0 h_x + 8.0 ppcoa_x,"(0.0, 100.0)",Bile acid synthesis
ACP1_FMN,acid phosphatase (FMN),fmn_c + h2o_c --> pi_c + ribflv_c,"(0.0, 100.0)",Vitamin B2 metabolism
RE3347C,RE3347,fad_c + 3.0 h_c + nadh_c <=> fadh2_c + nad_c,"(-100.0, 100.0)",Vitamin B2 metabolism
RBFK,riboflavin kinase,atp_c + ribflv_c --> adp_c + fmn_c + h_c,"(0.0, 100.0)",Vitamin B2 metabolism
ETOHMO,ethanol monooxygenase,etoh_c + 2.0 h_c + nadph_c + o2_c --> acald_c + 2.0 h2o_c + nadp_c,"(0.0, 100.0)",Glycolysis/gluconeogenesis
ENO,enolase,2pg_c <=> h2o_c + pep_c,"(-100.0, 100.0)",Glycolysis/gluconeogenesis
G3PD2m,"glycerol-3-phosphate dehydrogenase (FAD), mitochondrial",fad_m + glyc3p_c + h_c --> dhap_c + fadh2_m,"(0.0, 100.0)",Glycolysis/gluconeogenesis
CYTK12,"cytidylate kinase (dCMP,dCTP)",dcmp_c + dctp_c + h_c <=> 2.0 dcdp_c,"(-100.0, 100.0)",Nucleotide interconversion
TMDK1m,thymidine kinase (ATP:thymidine),atp_m + thymd_m --> adp_m + dtmp_m + h_m,"(0.0, 100.0)",Nucleotide interconversion
r0456,ATP:deoxyguanosine 5-phosphotransferase Purine metabolism EC:2.7.1.113,atp_c + dgsn_c --> adp_c + dgmp_c + h_c,"(0.0, 100.0)",Nucleotide interconversion
ADPT,adenine phosphoribosyltransferase,ade_c + prpp_c --> amp_c + ppi_c,"(0.0, 100.0)",Nucleotide salvage pathway
HXPRT,hypoxanthine phosphoribosyltransferase (Hypoxanthine),hxan_c + prpp_c --> imp_c + ppi_c,"(0.0, 100.0)",Nucleotide salvage pathway
GUAPRT,guanine phosphoribosyltransferase,gua_c + prpp_c --> gmp_c + h_c + ppi_c,"(0.0, 100.0)",Nucleotide salvage pathway
RN0002R,RN0002,5mthf_r + selhcys_r --> selmeth_r + thf_r,"(0.0, 100.0)",Selenoamino acid metabolism
SELCYSTGL,selanocystathionine g-lyase,h2o_c + selcyst_c --> 2obut_c + nh4_c + selcys_c,"(0.0, 100.0)",Selenoamino acid metabolism
ADSELK,adenylyl-selenate kinase,adsel_c + atp_c --> 3padsel_c + adp_c + h_c,"(0.0, 100.0)",Selenoamino acid metabolism
ADNK3,adenosine kinase,adn_c + gtp_c --> amp_c + gdp_c + h_c,"(0.0, 100.0)",Purine synthesis
PRASCS,phosphoribosylaminoimidazolesuccinocarboxamide synthase,5aizc_c + asp_L_c + atp_c <=> 25aics_c + adp_c + h_c + pi_c,"(-100.0, 100.0)",Purine synthesis
ADSL2,adenylosuccinate lyase,25aics_c --> aicar_c + fum_c,"(0.0, 100.0)",Purine synthesis
G14T7g,"beta-N-acetylglucosaminylglycopeptide beta-1,4-galactosyltransferase, Golgi",ksi_pre5_g + udpgal_g --> ksi_pre6_g + udp_g,"(0.0, 100.0)",Keratan sulfate synthesis
G14T19g,"beta-N-acetylglucosaminylglycopeptide beta-1,4-galactosyltransferase, Golgi",ksii_core4_pre3_g + udpgal_g --> ksii_core4_pre4_g + udp_g,"(0.0, 100.0)",Keratan sulfate synthesis
AG13T11g,"N-acetyllactosaminide beta-1,3-N-acetylglucosaminyltransferase, Golgi apparatus",ksi_pre21_g + uacgam_g --> ksi_pre22_g + udp_g,"(0.0, 100.0)",Keratan sulfate synthesis
LPSe,lipase,h2o_e + tag_hs_e --> Rtotal3_e + dag_hs_e + h_e,"(0.0, 100.0)",Triacylglycerol synthesis
LPS2,lipase,dag_hs_c + h2o_c --> Rtotal_c + h_c + mag_hs_c,"(0.0, 100.0)",Triacylglycerol synthesis
AGPAT1,1-acylglycerol-3-phosphate O-acyltransferase 1,Rtotal2coa_c + alpa_hs_c --> coa_c + pa_hs_c,"(0.0, 100.0)",Triacylglycerol synthesis
RE2642C,RE2642,CE1554_c + h2o_c <=> ac_c + ala_L_c,"(-100.0, 100.0)",Alanine and aspartate metabolism
ASPTA,aspartate transaminase,akg_c + asp_L_c <=> glu_L_c + oaa_c,"(-100.0, 100.0)",Alanine and aspartate metabolism
AGTim,"alanine-glyoxylate transaminase (irreversible), mitochondrial",ala_L_m + glx_m --> gly_m + pyr_m,"(0.0, 100.0)",Alanine and aspartate metabolism
RE1860C,RE1860,23cump_c + h2o_c <=> 3ump_c + h_c,"(-100.0, 100.0)",Miscellaneous
RE0937E,RE0937,CE2916_e + h2o_e <=> CE4723_e + ile_L_e,"(-100.0, 100.0)",Miscellaneous
CATp,"catalase A, peroxisomal",2.0 h2o2_x --> 2.0 h2o_x + o2_x,"(0.0, 100.0)",Miscellaneous
RE3432M,RE3432,CE5944_m + 2.0 h_m + nadph_m <=> CE4988_m + nadp_m,"(-100.0, 100.0)",Eicosanoid metabolism
RE3018C,RE3018,CE4990_c + 2.0 h_c + nadph_c + o2_c --> CE5138_c + h2o_c + nadp_c,"(0.0, 100.0)",Eicosanoid metabolism
RE3345R,RE3345,CE5343_r + atp_r + coa_r <=> CE5342_r + amp_r + 2.0 h_r + ppi_r,"(-100.0, 100.0)",Eicosanoid metabolism
r0568,(5-L-Glutamyl)-L-amino-acid 5-glutamyltransferase (cyclizing) Glutathione metabolism EC:2.3.2.4,glucys_c --> 5oxpro_c + cys_L_c,"(0.0, 100.0)",Glutathione metabolism
GTHS,glutathione synthetase,atp_c + glucys_c + gly_c --> adp_c + gthrd_c + h_c + pi_c,"(0.0, 100.0)",Glutathione metabolism
AMPTASECG,alanyl aminopeptidase (cys-gly),cgly_c + h2o_c --> cys_L_c + gly_c,"(0.0, 100.0)",Glutathione metabolism
GLBRAN,"1,4-alpha-glucan branching enzyme (glygn1 -> glygn2)",glygn1_c --> glygn2_c,"(0.0, 100.0)",Starch and sucrose metabolism
RE0915E,RE0915,h2o_e + maltttr_e <=> glc_D_e + malttr_e,"(-100.0, 100.0)",Starch and sucrose metabolism
GLPASE2,glycogen phosphorylase (amyls -> glc-D),glygn3_c + 7.0 h2o_c --> Tyr_ggn_c + 7.0 glc_D_c,"(0.0, 100.0)",Starch and sucrose metabolism
BTNPLm,"holocarboxylase synthestase (biotin protein ligase), mitochondrial",apoC_Lys_m + btamp_m --> amp_m + apoC_Lys_btn_m + h_m,"(0.0, 100.0)",Biotin metabolism
APOC_LYS_BTNPm,"proteolysis of apoC-Lys-btn, mitochondrial",apoC_Lys_btn_m + h2o_m --> apoC_m + biocyt_m,"(0.0, 100.0)",Biotin metabolism
APOCF,Apocarboxylase formation,apoC_c + lys_L_c --> apoC_Lys_c + h2o_c + h_c,"(0.0, 100.0)",Biotin metabolism
RTOT1,R total flux,R1coa_hs_c --> Rtotalcoa_c,"(0.0, 0.0)",R group synthesis
ARTPLM2m,R group to palmitate conversion,Rtotal2coa_m --> pmtcoa_m,"(0.0, 0.0)",R group synthesis
ARTFR61,R group artificial flux,fadh2_m + hdd2coa_c --> R6coa_hs_c + fad_m,"(0.0, 0.0)",R group synthesis
r0400,"N-acetylneuraminate,ferrocytochrome-b5:oxygen oxidoreductase (N-acetyl-hydroxylating) Aminosugars metabolism EC:1.14.18.2",3.0 acnam_c + h2o_c + nad_c + o2_c <=> 3.0 HC01115_c + 2.0 h_c + nadh_c,"(-100.0, 100.0)",Unassigned
RE2870C,RE2870,CE6447_c + ascb_L_c + h_c <=> CE6458_c + dhdascb_c + h2o_c,"(-100.0, 100.0)",Unassigned
r1180,EC:3.1.1.13,HC02024_l + h2o_l --> chsterol_l + h_l + lnlc_l,"(0.0, 100.0)",Unassigned
RE2899C,RE2899,C02147_c + dhdascb_c <=> ascb_L_c + lipoate_c,"(-100.0, 100.0)",Vitamin C metabolism
GLACOm,"D-Glucuronolactone:NAD+ oxidoreductase, mitochondrial",glac_m + 2.0 h2o_m + nad_m --> glcr_m + 4.0 h_m + nadh_m,"(0.0, 100.0)",Vitamin C metabolism
ASCBOX,ascorbic acid oxidase,ascb_L_c + 3.0 h_c + 2.0 o2s_c --> dhdascb_c + 2.0 h2o2_c,"(0.0, 100.0)",Vitamin C metabolism
URIK1,uridine kinase (ATP:Uridine),atp_c + uri_c --> adp_c + h_c + ump_c,"(0.0, 100.0)",Pyrimidine synthesis
ORPT,orotate phosphoribosyltransferase,h_c + orot5p_c + ppi_c <=> orot_c + prpp_c,"(-100.0, 100.0)",Pyrimidine synthesis
CBPS,carbamoyl-phosphate synthase (glutamine-hydrolysing),2.0 atp_c + gln_L_c + h2o_c + hco3_c --> 2.0 adp_c + cbp_c + glu_L_c + 2.0 h_c + pi_c,"(0.0, 100.0)",Pyrimidine synthesis
CYOOm3,"cytochrome c oxidase, mitochondrial Complex IV",4.0 focytC_m + 7.92 h_m + o2_m --> 4.0 ficytC_m + 1.96 h2o_m + 4.0 h_c + 0.02 o2s_m,"(0.0, 100.0)",Oxidative phosphorylation
ATPS4m,ATP synthase (four protons for one ATP),adp_m + 4.0 h_c + pi_m --> atp_m + h2o_m + 3.0 h_m,"(0.0, 100.0)",Oxidative phosphorylation
NADH2_u10m,"NADH dehydrogenase, mitochondrial",6.0 h_m + nadh_m + q10_m --> 4.0 h_c + nad_m + q10h2_m,"(0.0, 100.0)",Oxidative phosphorylation
UGT1A5r,"UDP-glucuronosyltransferase 1-10 precursor, microsomal",h_r + retn_r + udpglcur_r --> retnglc_r + udp_r,"(0.0, 100.0)",Vitamin A metabolism
RETHe,"retinyl ester hydrolase, extracellular",h2o_e + retfa_e --> Rtotal2_e + h_e + retinol_e,"(0.0, 100.0)",Vitamin A metabolism
RE2651R,RE2651,retinal_r <=> retinal_cis_9_r,"(-100.0, 100.0)",Vitamin A metabolism
BDG2HCGHD,beta-D-Glucosyl-2-coumarinate glucohydrolase,bdg2hc_c + h2o_c --> 2coum_c + glc_D_c,"(0.0, 100.0)","Stilbene, coumarine and lignin synthesis"
T4HCINNOX,4-Coumarate:oxygen oxidoreductase,2.0 T4hcinnm_c + o2_c --> 2.0 34dhcinm_c,"(0.0, 100.0)","Stilbene, coumarine and lignin synthesis"
GGT_U,geranylgeranyltransferase (uterus),16.5 ipdp_c + ttc_ggdp_c --> 0.1 dedoldp_U_c + 16.5 ppi_c,"(0.0, 100.0)",N-glycan synthesis
MM7Cag,"mannosyl-oligosaccharide 1,2-alpha-mannosidase, Golgi apparatus",h2o_g + m7masnA_g --> m6masnC_g + man_g,"(0.0, 100.0)",N-glycan synthesis
DOLPMT_U,Dolichyl-phosphate D-mannosyltransferase (uterus),0.1 dolmanp_U_r + 0.1 m5mpdol_U_r --> 0.1 dolp_U_r + h_r + 0.1 m6mpdol_U_r,"(0.0, 100.0)",N-glycan synthesis
BILIRED,Nad(p)h biliverdin reductase,biliverd_c + 2.0 h_c + nadph_c --> bilirub_c + nadp_c,"(0.0, 100.0)",Heme degradation
BIDGLCURr,bilirubin di-glucuronide production,bilglcur_r + h_r + udpglcur_r --> bildglcur_r + udp_r,"(0.0, 0.0)",Heme degradation
HOXG,Heme oxygenase 1,9.0 h_c + 3.0 nadph_c + 3.0 o2_c + pheme_c --> biliverd_c + co_c + fe2_c + 3.0 h2o_c + 3.0 nadp_c,"(0.0, 100.0)",Heme degradation
T2M26DCOAHLm,"trans-2-Methyl-5-isopropylhexa-2,5-dienoyl-CoA hydro-lyase (m)",h2o_m + t2m26dcoa_m <=> 3h26dm5coa_m,"(-100.0, 100.0)",Limonene and pinene degradation
C2M26DCOAHLm,"cis-2-Methyl-5-isopropylhexa-2,5-dienoyl-CoA hydro-lyase (m)",c2m26dcoa_m + h2o_m <=> 3h26dm5coa_m,"(-100.0, 100.0)",Limonene and pinene degradation
P4502C93,cytochrome P450 2C9,2.0 h_c + limnen_c + nadph_c + o2_c --> h2o_c + nadp_c + perillyl_c,"(0.0, 100.0)",Limonene and pinene degradation
CATm,catalase,2.0 h2o2_m --> 2.0 h2o_m + o2_m,"(0.0, 100.0)",ROS detoxification
SPODMn,"superoxide dismutase, nuclear",2.0 h_n + 2.0 o2s_n --> h2o2_n + o2_n,"(0.0, 100.0)",ROS detoxification
SPODMm,superoxide dismutase,2.0 h_m + 2.0 o2s_m --> h2o2_m + o2_m,"(0.0, 100.0)",ROS detoxification
CBL2OR,NADH:cob(III)alamine oxidoreductase,2.0 aqcobal_c + h_c + nadh_c --> 2.0 cbl2_c + 2.0 h2o_c + nad_c,"(0.0, 100.0)",Vitamin B12 metabolism
RE2493C,RE2493,amet_c + cbl2_c --> C06453_c + ahcys_c + 4.0 h_c,"(0.0, 100.0)",Vitamin B12 metabolism
CBLATm,"cob(I)alamin adenosyltransferase, mitochondrial",atp_m + cbl1_m + h_m <=> adocbl_m + pppi_m,"(-100.0, 100.0)",Vitamin B12 metabolism
ITCOALm,"Itaconate--CoA ligase (ADP-forming), mitochondrial",atp_m + coa_m + itacon_m <=> adp_m + itaccoa_m + pi_m,"(-100.0, 100.0)",C5-branched dibasic acid metabolism
CITMCOAHm,"L-Citramalyl-CoA hydro-lyase, mitochondrial",h2o_m + itaccoa_m <=> citmcoa_L_m,"(-100.0, 100.0)",C5-branched dibasic acid metabolism
MECOALm,"mesaconate--CoA ligase (ADP-forming), mitochondrial",atp_m + coa_m + mescon_m <=> adp_m + mescoa_m + pi_m,"(-100.0, 100.0)",C5-branched dibasic acid metabolism
EGMESTr,ecgonine methyl esterase (ER),egme_r + h2o_r --> ecgon_r + h_r + meoh_r,"(0.0, 100.0)",Alkaloid synthesis
COKECBESr,Carboxylesterase (cocaine) (er),coke_r + h2o_r --> bz_r + egme_r + h_r,"(0.0, 100.0)",Alkaloid synthesis
NMPTRCOX,N-Methylputrescine:oxygen oxidoreductase (deaminating),nmptrc_c + o2_c --> 1mpyr_c + h2o2_c + nh4_c,"(0.0, 100.0)",Alkaloid synthesis
NACHEX4ly,"beta-N-acetylhexosaminidase, lysosomal",cs_c_deg1_l + h2o_l --> acgal_l + cs_c_deg2_l,"(0.0, 100.0)",Chondroitin sulfate degradation
LINKDEG4ly,"degradation of proteoglycan linkage region, lysosomal",cs_e_deg7_l + 5.0 h2o_l --> 2.0 gal_l + glcur_l + 2.0 h_l + 2.0 so4_l + xyl_D_l,"(0.0, 100.0)",Chondroitin sulfate degradation
NACHEX1ly,"beta-N-acetylhexosaminidase, lysosomal",cs_a_deg1_l + h2o_l --> acgal_l + cs_a_deg2_l,"(0.0, 100.0)",Chondroitin sulfate degradation
DALAOXx,D-Alanine Oxidase (x),ala_D_x + h2o_x + o2_x --> h2o2_x + nh4_x + pyr_x,"(0.0, 100.0)",D-alanine metabolism
PYRt2p,pyruvate peroxisomal transport via proton symport,h_c + pyr_c <=> h_x + pyr_x,"(-100.0, 100.0)",D-alanine metabolism
DALAxt,D-Alanine transport to perixosome,ala_D_c --> ala_D_x,"(0.0, 100.0)",D-alanine metabolism
RE3235R,RE3235,CE5157_r <=> CE5158_r + h2o_r,"(-100.0, 100.0)",Fatty acid synthesis
RE3241R,RE3241,HC10852_r + malcoa_r --> CE5160_r + co2_r + coa_r,"(0.0, 100.0)",Fatty acid synthesis
r0695,(3R)-3-Hydroxybutanoyl-[acyl-carrier-protein] hydro-lyase; (3R)-3-Hydroxyoctanoyl-[acyl-carrier-protein] hydro-lyase Fatty acid biosynthesis EC:2.3.1.85,HC01323_c --> HC01594_c + h2o_c,"(0.0, 0.0)",Fatty acid synthesis
GGH_6DHFe,"Gamma-glutamyl hydrolase (6DHF), extracellular",6dhf_e + h2o_e --> 5dhf_e + glu_L_e + 6.0 h_e,"(0.0, 100.0)",Folate metabolism
GGH_10FTHF6GLUe,"Gamma-glutamyl hydrolase (10FTHF6GLU), extracellular",10fthf6glu_e + h2o_e --> 10fthf5glu_e + glu_L_e,"(0.0, 100.0)",Folate metabolism
FOLR2,folate reductase,fol_c + 2.0 h_c + nadph_c --> dhf_c + nadp_c,"(0.0, 100.0)",Folate metabolism
THBPT4ACAMDASE,Tetrahydrobiopterin-4a-carbinolamine dehydratase,thbpt4acam_c --> dhbpt_c + h2o_c,"(0.0, 100.0)",Tetrahydrobiopterin metabolism
r0402,Tetrahydrobiopterin:NADP+ oxidoreductase Folate biosynthesis EC:1.1.1.153,HC01254_c + 2.0 h_c + nadph_c --> nadp_c + thbpt_c,"(0.0, 100.0)",Tetrahydrobiopterin metabolism
DHPR2,"6,7-dihydropteridine reduction",5mthf_c + dhbpt_c --> mlthf_c + thbpt_c,"(0.0, 100.0)",Tetrahydrobiopterin metabolism
r1357,Protein degradation,HC01944_l + 349.0 atp_l + 349.0 h2o_l --> 349.0 adp_l + 61.0 ala_L_l + 27.0 arg_L_l + 34.0 asn_L_l + 45.0 asp_L_l + 40.0 cys_L_l + 17.0 gln_L_l + 42.0 glu_L_l + 52.0 gly_l + 19.0 his_L_l + 15.0 ile_L_l + 65.0 leu_L_l + 58.0 lys_L_l + 10.0 met_L_l + 28.0 phe_L_l + 349.0 pi_l + 32.0 pro_L_l + 41.0 ser_L_l + 30.0 thr_L_l + 8.0 trp_L_l + 26.0 tyr_L_l + 48.0 val_L_l,"(0.0, 0.0)",Exchange/demand reaction
r1353,Protein degradation,HC01942_l + 405.0 atp_l + 405.0 h2o_l --> 405.0 adp_l + 37.0 ala_L_l + 42.0 arg_L_l + 40.0 asn_L_l + 36.0 asp_L_l + 48.0 cys_L_l + 31.0 gln_L_l + 56.0 glu_L_l + 62.0 gly_l + 24.0 his_L_l + 22.0 ile_L_l + 48.0 leu_L_l + 49.0 lys_L_l + 11.0 met_L_l + 21.0 phe_L_l + 405.0 pi_l + 69.0 pro_L_l + 56.0 ser_L_l + 61.0 thr_L_l + 19.0 trp_L_l + 30.0 tyr_L_l + 48.0 val_L_l,"(0.0, 0.0)",Exchange/demand reaction
r1349,Protein degradation,HC01852_l + 1337.0 atp_l + 1337.0 h2o_l --> 1337.0 adp_l + 134.0 ala_L_l + 134.0 arg_L_l + 138.0 asn_L_l + 176.0 asp_L_l + 48.0 cys_L_l + 110.0 gln_L_l + 186.0 glu_L_l + 262.0 gly_l + 62.0 his_L_l + 104.0 ile_L_l + 166.0 leu_L_l + 154.0 lys_L_l + 48.0 met_L_l + 98.0 phe_L_l + 1337.0 pi_l + 114.0 pro_L_l + 278.0 ser_L_l + 182.0 thr_L_l + 60.0 trp_L_l + 98.0 tyr_L_l + 122.0 val_L_l,"(0.0, 0.0)",Exchange/demand reaction
r0366,[Acyl-carrier-protein] 4-pantetheine-phosphohydrolase Pantothenate and CoA biosynthesis EC:3.1.4.14,ACP_c + h2o_c --> HC01161_c + pan4p_c,"(0.0, 0.0)",CoA synthesis
r0033,ATP:dephospho-CoA 3-phosphotransferase Pantothenate and CoA biosynthesis EC:2.7.1.24,atp_m + dpcoa_m --> adp_m + coa_m + h_m,"(0.0, 100.0)",CoA synthesis
PNTK,pantothenate kinase,atp_c + pnto_R_c --> 4ppan_c + adp_c + h_c,"(0.0, 100.0)",CoA synthesis
NACHEX25ly,"beta-N-acetylhexosaminidase, lysosomal",h2o_l + ksii_core2_deg9_l --> acgam_l + f1a_l,"(0.0, 100.0)",Keratan sulfate degradation
FUCASE2e,"alpha-fucosidase, extracellular",h2o_e + ksi_e --> fuc_L_e + ksi_deg1_e,"(0.0, 100.0)",Keratan sulfate degradation
S6TASE10ly,"galactose-6-sulfate sulfatase, lysosomal",h2o_l + ksi_deg4_l <=> h_l + ksi_deg5_l + so4_l,"(-100.0, 100.0)",Keratan sulfate degradation
KHK,ketohexokinase,atp_c + fru_c --> adp_c + f1p_c + h_c,"(0.0, 100.0)",Fructose and mannose metabolism
SBTD_D2,D-sorbitol dehydrogenase (D-fructose producing),nad_c + sbt_D_c --> fru_c + 2.0 h_c + nadh_c,"(0.0, 100.0)",Fructose and mannose metabolism
FBA2,D-Fructose 1-phosphate D-glyceraldehyde-3-phosphate-lyase,f1p_c <=> dhap_c + glyald_c,"(-100.0, 100.0)",Fructose and mannose metabolism
GLYCTO1p,"Glycolate oxidase, peroxisome",glyclt_x + o2_x --> glx_x + h2o2_x,"(0.0, 100.0)",Glyoxylate and dicarboxylate metabolism
GLYCLTDym,"Glycolate dehydrogenase (NADP), mitochondrial",glx_m + 2.0 h_m + nadph_m --> glyclt_m + nadp_m,"(0.0, 100.0)",Glyoxylate and dicarboxylate metabolism
FBA4,D-Fructose 1-phosphate D-glyceraldehyde-3-phosphate-lyase,xu1p_D_c <=> dhap_c + gcald_c,"(-100.0, 100.0)",Glyoxylate and dicarboxylate metabolism
UGLT,UDPglucose--hexose-1-phosphate uridylyltransferase,gal1p_c + udpg_c <=> g1p_c + udpgal_c,"(-100.0, 100.0)",Galactose metabolism
GALT,galactose-1-phosphate uridylyltransferase,gal1p_c + utp_c <=> ppi_c + udpgal_c,"(-100.0, 100.0)",Galactose metabolism
FBA5,D-Tagatose 1-phosphate D-glyceraldehyde-3-phosphate-lyase,tag1p_D_c <=> dhap_c + glyald_c,"(-100.0, 100.0)",Galactose metabolism
TDPDRR,dTDP-4-dehydrorhamnose reductase,dtdp4d6dm_c + 2.0 h_c + nadph_c --> dtdprmn_c + nadp_c,"(0.0, 100.0)",Nucleotide sugar metabolism
G1PTT,glucose-1-phosphate thymidylyltransferase,dttp_c + g1p_c --> dtdpglu_c + ppi_c,"(0.0, 100.0)",Nucleotide sugar metabolism
TDPGDH,"dTDPglucose 4,6-dehydratase",dtdpglu_c --> dtdp4d6dg_c + h2o_c,"(0.0, 100.0)",Nucleotide sugar metabolism
GLCNACDASg,GlcNAc N-deacetylase / N-sulfotransferase,4.0 h2o_g + hs_pre9_g + 4.0 paps_g --> 4.0 ac_g + 4.0 h_g + hs_pre10_g + 4.0 pap_g,"(0.0, 100.0)",Chondroitin synthesis
S2T1g,"chondroitin 2-sulfotransferase, Golgi",cs_c_d_e_pre1_g + paps_g --> cs_d_pre2_g + h_g + pap_g,"(0.0, 100.0)",Chondroitin synthesis
S6T24g,"chondroitin 6-sulfotransferase, Golgi apparatus",cs_e_pre4_g + paps_g --> cs_e_pre5b_g + h_g + pap_g,"(0.0, 100.0)",Chondroitin synthesis
HS3ly,"heparan-N-sulfatase, lysosomal",h2o_l + hs_deg12_l --> h_l + hs_deg13_l + so4_l,"(0.0, 100.0)",Heparan sulfate degradation
HSAT4ly,"heparan-glucosaminide N-acetyltransferase, lysosomal",accoa_c + hs_deg19_l --> coa_c + h_l + hs_deg20_l,"(0.0, 100.0)",Heparan sulfate degradation
GLCNACASE1ly,"alpha-N-acetylglucosaminidase, lysosomal",h2o_l + hs_deg3_l --> acgam_l + hs_deg4_l,"(0.0, 100.0)",Heparan sulfate degradation
HAS1,hyaluronan synthase,uacgam_c + udpglcur_c --> ha_pre1_e + 2.0 udp_c,"(0.0, 100.0)",Hyaluronan metabolism
GLCAASE8ly,"beta-glucuronidase, lysosomal",h2o_l + ha_l --> glcur_l + ha_deg1_l,"(0.0, 100.0)",Hyaluronan metabolism
HAS2,hyaluronan synthase,ha_pre1_e + uacgam_c + udpglcur_c --> 2.0 h_c + ha_e + 2.0 udp_c,"(0.0, 100.0)",Hyaluronan metabolism
RE3633C,RE3633,CE2089_c + h2o_c <=> CE7218_c + nh4_c,"(-100.0, 100.0)",Histidine metabolism
MHISOR,N-Methylhistamine:oxygen oxidoreductase (deaminating),h2o_c + mhista_c + o2_c --> 3mldz_c + h2o2_c + nh4_c,"(0.0, 100.0)",Histidine metabolism
GluForTx,Glutamate formimidoyltransferase,forglu_c + thf_c --> 5forthf_c + glu_L_c,"(0.0, 100.0)",Histidine metabolism
PYDXPP,Pyridoxal 5-phosphate phosphatase,h2o_c + pydx5p_c --> pi_c + pydx_c,"(0.0, 100.0)",Vitamin B6 metabolism
HYPOE,hypothetical enyme,h2o_c + pyam5p_c --> pi_c + pydam_c,"(0.0, 100.0)",Vitamin B6 metabolism
PYAM5POr,pyridoxamine 5'-phosphate oxidase,h2o_c + o2_c + pyam5p_c --> h2o2_c + nh4_c + pydx5p_c,"(0.0, 100.0)",Vitamin B6 metabolism
PIK3n,"phosphatidylinositol 3-kinase, nuclear",atp_n + pail_hs_n --> adp_n + 3.0 h_n + pail3p_hs_n,"(0.0, 100.0)",Inositol phosphate metabolism
PI45P3K,"phosphatidylinositol 4,5-bisphosphate 3-kinase",atp_c + pail45p_hs_c --> adp_c + h_c + pail345p_hs_c,"(0.0, 100.0)",Inositol phosphate metabolism
MI13456PK,"inositol-1,3,4,5,6-pentakisphosphate 2-kinase",atp_c + mi13456p_c --> adp_c + h_c + minohp_c,"(0.0, 100.0)",Inositol phosphate metabolism
r0679,ATP:pantothenate 4-phosphotransferase Pantothenate and CoA biosynthesis EC:2.7.1.33,HC01231_c + atp_c <=> 4ppcys_c + adp_c + h_c,"(-100.0, 100.0)",CoA catabolism
LAPCOAl,lysosomal acid phosphorylase (CoA),coa_l + h2o_l --> dpcoa_l + pi_l,"(0.0, 100.0)",CoA catabolism
PNTEH,Hydrolase Class ( RXN R02973),h2o_c + ptth_c --> cysam_c + pnto_R_c,"(0.0, 100.0)",CoA catabolism
NMNATn,nicotinamide-nucleotide adenylyltransferase,atp_n + nmn_n --> nad_n + ppi_n,"(0.0, 100.0)",NAD metabolism
NMNATm,"nicotinamide-nucleotide adenylyltransferase, mitochondrial",atp_m + nmn_m --> nad_m + ppi_m,"(0.0, 100.0)",NAD metabolism
NADN,NAD nucleosidase,h2o_c + nad_c --> adprib_c + 3.0 h_c + ncam_c,"(0.0, 100.0)",NAD metabolism
THMTP,thiamine-triphosphatase,h2o_c + thmtp_c --> h_c + pi_c + thmpp_c,"(0.0, 100.0)",Thiamine metabolism
TDP,thiamin pyrophosphatase,h2o_c + thmpp_c --> 2.0 h_c + pi_c + thmmp_c,"(0.0, 100.0)",Thiamine metabolism
THMP,thiamin phosphatase,h2o_c + thmmp_c --> pi_c + thm_c,"(0.0, 100.0)",Thiamine metabolism
r0060,"L-serine ammonia-lyase Glycine, serine and threonine metabolism EC:4.3.1.17",ser_L_c --> nh4_c + pyr_c,"(0.0, 100.0)",Cysteine Metabolism
r0595,3-Mercaptopyruvate:cyanide sulfurtransferase Cysteine metabolism EC:2.8.1.2,mercppyr_c + so3_c --> HC01501_c + pyr_c,"(0.0, 100.0)",Cysteine Metabolism
r0193,L-Cysteine L-homocysteine-lyase (deaminating) Cysteine metabolism EC:4.4.1.1,cys_L_c + h2o_c <=> HC00250_c + h_c + nh4_c + pyr_c,"(-100.0, 100.0)",Cysteine Metabolism
RE1816M,RE1816,CE5249_m + gthrd_m <=> CE5243_m,"(-100.0, 100.0)",Androgen and estrogen synthesis and metabolism
RE3111C,RE3111,C04295_c + h_c + nad_c <=> 5adtststerone_c + nadh_c,"(-100.0, 100.0)",Androgen and estrogen synthesis and metabolism
RE1582L,RE1582,estrone_l + 2.0 h_l + nadph_l + o2_l --> CE2180_l + h2o_l + nadp_l,"(0.0, 100.0)",Androgen and estrogen synthesis and metabolism
RE1944C,RE1944,atp_c + lipoate_c <=> CE5656_c + ppi_c,"(-100.0, 100.0)",Lipoate metabolism
RE2459C,RE2459,CE2102_c + h2o_c <=> lipoate_c + lys_L_c,"(-100.0, 100.0)",Lipoate metabolism
RE3519C,RE3519,C04849_c + h2o_c <=> C04843_c,"(-100.0, 100.0)",Arachidonic acid metabolism
RE1952R,RE1952,CE2566_r + h2o_r <=> CE2568_r,"(-100.0, 100.0)",Arachidonic acid metabolism
RE3525X,RE3525,2.0 C04805_x + o2_x --> 2.0 leuktrB4_x,"(0.0, 100.0)",Arachidonic acid metabolism
RE2387C,RE2387,avite1_c + 2.0 h_c + nadph_c + o2_c --> CE5842_c + h2o_c + nadp_c,"(0.0, 100.0)",Vitamin E metabolism
RE2383R,RE2383,CE5842_r + 3.0 h_r + 2.0 nadph_r + 2.0 o2_r --> CE5843_r + 3.0 h2o_r + 2.0 nadp_r,"(0.0, 100.0)",Vitamin E metabolism
RE2373C,RE2373,CE5835_c <=> CE5022_c,"(-100.0, 100.0)",Vitamin E metabolism
RE3261R,RE3261,CE2047_r + udpglcur_r --> CE2303_r + udp_r,"(0.0, 100.0)",Linoleate metabolism
RE3261C,RE3261,CE2047_c + udpglcur_c --> CE2303_c + udp_c,"(0.0, 100.0)",Linoleate metabolism
RE3258C,RE3258,C14826_c + h2o_c <=> CE2049_c,"(-100.0, 100.0)",Linoleate metabolism
RE2718G,RE2718,C01747_g + paps_g --> C02744_g + h_g + pap_g,"(0.0, 100.0)",Glycosphingolipid metabolism
RE2680G,RE2680,gluside_hs_g + udpgal_g --> C01290_g + h_g + udp_g,"(0.0, 100.0)",Glycosphingolipid metabolism
RE2722G,RE2722,galgluside_hs_g + paps_g --> C03405_g + pap_g,"(0.0, 0.0)",Glycosphingolipid metabolism
RN0027C,RN0027,CN0020_c + 3.0 h_c + nadph_c + o2_c --> CN0021_c + h2o_c + nadp_c,"(0.0, 0.0)",Xenobiotics metabolism
RN0023C,RN0023,C14849_c + h2o_c --> CN0011_c,"(0.0, 0.0)",Xenobiotics metabolism
RN0020R,RN0020,C07535_r + h_r + nadph_r + o2_r --> CN0012_r + h2o_r + nadp_r,"(0.0, 0.0)",Xenobiotics metabolism
PSYTDECHe,"binding of psyllium with taurodeoxycholate in the intestinal lumen, reducing serum cholsterol levels.",psyl_e + tdechola_e --> psyltdechol_e,"(0.0, 100.0)",Dietary fiber binding
GUMDCHAe,"binding of guar gums with deoxyxholic acid in the intestinal lumen, reducing serum cholsterol levels.",dchac_e + gum_e --> gumdchac_e,"(0.0, 100.0)",Dietary fiber binding
BGLUGCHe,"binding of betaglucans with glycocholate in the intestinal lumen, reducing serum cholsterol levels.",bglc_e + gchola_e --> glgchlo_e,"(0.0, 100.0)",Dietary fiber binding
IPDDI,isopentenyl-diphosphate D-isomerase,ipdp_c <=> dmpp_c,"(-100.0, 100.0)",Squalene and cholesterol synthesis
DPMVDc,"diphosphomevalonate decarboxylase, cytosol",5dpmev_c + atp_c --> adp_c + co2_c + ipdp_c + pi_c,"(0.0, 100.0)",Squalene and cholesterol synthesis
HMGCOARc,Hydroxymethylglutaryl CoA reductase (ir) in cytosol,4.0 h_c + hmgcoa_c + 2.0 nadph_c --> coa_c + mev_R_c + 2.0 nadp_c,"(0.0, 100.0)",Squalene and cholesterol synthesis
