ID,Node,variable,value
NaEX_Neuron,Neuron,Sensitivity,2.404446202826763e-16
DM_pheme(c)_Neuron,Terminal,Sensitivity,0.9814617221041976
DM_pheme(c),Terminal,Sensitivity,0.9814459617323242
GLCt1r,Astrocyte,Sensitivity,0.71772297091666315
Kt1r_Neuron,Neuron,Sensitivity,0
DM_7dhf,Terminal,Sensitivity,0.8976463810166139
DM_thf(c),Terminal,Sensitivity,0.8976463810166139
DM_10fthf7glu_Neuron,Terminal,Sensitivity,0.8944516349892881
sink_dhf(c)_Neuron,Terminal,Sensitivity,0.8939939869465993
DM_7thf_Neuron,Terminal,Sensitivity,0.8917709532359083
H2Otm_Neuron,Neuron,Sensitivity,0
GLGNS1,Astrocyte,Sensitivity,0.8826984114934228
DM_6dhf,Terminal,Sensitivity,0.866475314959735
DM_10fthf6glu_Neuron,Terminal,Sensitivity,0.8633720283068888
DM_6thf_Neuron,Terminal,Sensitivity,0.860151950077783
ATPS4m_Neuron,Neuron,Sensitivity,0
ATPtm_Neuron,Neuron,Sensitivity,0
PIt2m_Neuron,Neuron,Sensitivity,4.7456175055791374e-18
GLCt1r_Neuron,Neuron,Sensitivity,0.7000939622226612
DM_10fthf5glu_Neuron,Terminal,Sensitivity,0.8253601184133872
DM_5thf_Neuron,Terminal,Sensitivity,0.8213289154971173
NaKt_Neuron,Neuron,Sensitivity,0
DM_atp(c)_Neuron,Terminal,Sensitivity,0.15069627744127106
sink_tyr-L(m),Terminal,Sensitivity,0.7396261700628295
GLCt2r,Astrocyte,Sensitivity,0.71772297091666315
GLCt2r_Int,Astrocyte,Sensitivity,0.71772297091666315
CYOR-u10m_Neuron,Neuron,Sensitivity,1.518597601785324e-16
EX_crn(e),Exchange,Sensitivity,0.7123613683567176
DM_5thf,Terminal,Sensitivity,0.7098445200998579
3DPHBH2,Astrocyte,Sensitivity,0.708336244735217
3DPHBH1,Astrocyte,Sensitivity,0.70729558371078
DM_10fthf5glu,Terminal,Sensitivity,0.6981407960164098
EX_leu-L(e),Exchange,Sensitivity,0.6963535691975361
NADH2-u10m_Neuron,Neuron,Sensitivity,0
EX_ile-L(e),Exchange,Sensitivity,0.6791874359907907
EX_bhb(e),Exchange,Sensitivity,0.6462000496953882
EX_val-L(e),Exchange,Sensitivity,0.6395257899722554
EX_acac(e),Exchange,Sensitivity,0.6305919084457943
AACOAT_Neuron,Neuron,Sensitivity,0.6265040045668269
EX_pro-L(e),Exchange,Sensitivity,0.6247002506112946
EX_lys-L(e),Exchange,Sensitivity,0.6228772908105258
EX_etoh(e),Exchange,Sensitivity,0.6110154674983029
EX_NACASPt_Int,Exchange,Sensitivity,0.6084681687916371
sink_4hpro-LT(m)_Neuron,Terminal,Sensitivity,0.6005522911693192
EX_h2o(e),Exchange,Sensitivity,0
O2t_Int,Astrocyte,Sensitivity,3.6066693042401447e-16
CYOOm2_Neuron,Neuron,Sensitivity,4.176143404909641e-16
O2t_Neuron,Neuron,Sensitivity,0
O2tm_Neuron,Neuron,Sensitivity,0
EX_o2(e),Exchange,Sensitivity,0
O2t,Astrocyte,Sensitivity,0
CO2t,Astrocyte,Sensitivity,0
CO2t_Int,Astrocyte,Sensitivity,0
CO2t_Neuron,Neuron,Sensitivity,0
CO2tm_Neuron,Neuron,Sensitivity,0
EX_co2(e),Exchange,Sensitivity,0
sink_4hpro-LT(m),Terminal,Sensitivity,0.59382363189706
EX_lac-L(e),Exchange,Sensitivity,0.5927344046472
DM_10fthf6glu,Terminal,Sensitivity,0.5914578653246297
DM_6thf,Terminal,Sensitivity,0.5914578653246297
GLUVESSEC,Astrocyte,Sensitivity,0.5879223687504413
DM_6dhf_Neuron,Terminal,Sensitivity,0.5878126418006673
EX_ppa(e),Exchange,Sensitivity,0.5867312899602047
EX_3aib(e),Exchange,Sensitivity,0.5764691026112128
EX_4abut(e),Exchange,Sensitivity,0.5735118844228787
GLUt6,Astrocyte,Sensitivity,0.5735118844228786
EX_acald(e),Exchange,Sensitivity,0.5710311749817156
EX_orn(e),Exchange,Sensitivity,0.557298301938828
EX_pyr(e),Exchange,Sensitivity,0.5476039258877619
MDHm_Neuron,Neuron,Sensitivity,2.372808752789569e-17
EX_ac(e),Exchange,Sensitivity,0.5187903070258014
C160CPT2_Neuron,Neuron,Sensitivity,0.5035992905001541
C204CPT2_Neuron,Neuron,Sensitivity,0.5035992905001541
C226CPT2_Neuron,Neuron,Sensitivity,0.5035992905001541
CYSGLUexR,Astrocyte,Sensitivity,0.49186567223944955
SERGLNexR,Astrocyte,Sensitivity,0.49186567223944955
GLNtN1,Astrocyte,Sensitivity,0.4877863136962159
DM_1a2425thvitd2_Neuron,Terminal,Sensitivity,0.47994003517726846
DM_1a2425thvitd3_Neuron,Terminal,Sensitivity,0.47994003517726846
EX_cys-L(e),Exchange,Sensitivity,0.47567183422225523
sink_dmgly,Terminal,Sensitivity,0.4744738909210171
EX_ala-B(e),Exchange,Sensitivity,0.4721204431420494
sink_dmgly_Neuron,Terminal,Sensitivity,0.4569737160686775
GLYCLTDym_Neuron,Neuron,Sensitivity,0.45697371606867704
EX_nh4(e),Exchange,Sensitivity,0.444801894356584
ETOHMO_Neuron,Neuron,Sensitivity,0.43212301374922046
EX_sarcs(e),Exchange,Sensitivity,0.4287387231595196
GND,Astrocyte,Sensitivity,0.4127056666134207
AKGMALtm_Neuron,Neuron,Sensitivity,0
HMGCOASim_Neuron,Neuron,Sensitivity,2.0406155273990293e-16
CSm_Neuron,Neuron,Sensitivity,9.96579676171619e-17
FUMm_Neuron,Neuron,Sensitivity,7.59298800892662e-17
ICDHyrm_Neuron,Neuron,Sensitivity,7.59298800892662e-17
PYRt2m_Neuron,Neuron,Sensitivity,2.847370503347483e-17
SUCD1m_Neuron,Neuron,Sensitivity,5.694741006694966e-17
ACONTm_Neuron,Neuron,Sensitivity,0
AKGDm_Neuron,Terminal,Sensitivity,0
ETF_Neuron,Neuron,Sensitivity,0
ETFQO_Neuron,Neuron,Sensitivity,0
HMGLm_Neuron,Neuron,Sensitivity,0
OCOAT1m_Neuron,Neuron,Sensitivity,0
PDHm_Neuron,Neuron,Sensitivity,0
THD1m_Neuron,Neuron,Sensitivity,4.745617505579138e-17
MDH_Neuron,Neuron,Sensitivity,8.58956768509824e-16
ASPGLUm_Neuron,Neuron,Sensitivity,1.8033346521200724e-16
ASPTA_Neuron,Neuron,Sensitivity,0
ASPTAm_Neuron,Neuron,Sensitivity,0
"24,25VITD2Hm",Astrocyte,Sensitivity,0.39035911036230614
"24,25VITD3Hm",Astrocyte,Sensitivity,0.39035911036230614
25VITD2Hm,Astrocyte,Sensitivity,0.39035911036230614
25VITD3Hm,Astrocyte,Sensitivity,0.39035911036230614
ALR,Astrocyte,Sensitivity,0.3815111982957977
ACSm_Neuron,Neuron,Sensitivity,0.37166381573125856
EX_ser-L(e),Exchange,Sensitivity,0.36645008372959603
COQ3m_Neuron,Neuron,Sensitivity,0.36493086035184585
ETOHMO,Astrocyte,Sensitivity,0.3461492786152285
ALCD2yf,Astrocyte,Sensitivity,0.3461492786152284
ALDD2y,Astrocyte,Sensitivity,0.3461492786152284
PYK,Astrocyte,Sensitivity,1.8412995921647056e-15
GAPD,Astrocyte,Sensitivity,9.491235011158273e-17
PGK,Astrocyte,Sensitivity,1.898247002231655e-17
ENO,Astrocyte,Sensitivity,7.7116284465661e-17
PGM,Astrocyte,Sensitivity,0
LDH_L_Neuron,Neuron,Sensitivity,5.220179256137051e-17
L-LACt2r_Int,Astrocyte,Sensitivity,2.8450946632094066e-32
L-LACt2r_Neuron,Neuron,Sensitivity,2.8450946632094066e-32
LDH_L,Astrocyte,Sensitivity,2.8450946632094066e-32
COQ7m,Astrocyte,Sensitivity,0.32708682277580464
DGNSKm,Astrocyte,Sensitivity,0.31753593914627465
MMSAD1m,Astrocyte,Sensitivity,0.3085852034991958
ACOAD8m_Neuron,Neuron,Sensitivity,0.30007410073172475
P45011A1m_Neuron,Neuron,Sensitivity,0.2968668141841054
GTHOm_Neuron,Neuron,Sensitivity,0.29686681418410504
NMNATm_Neuron,Neuron,Sensitivity,0.296866814184104
EX_glc(e),Exchange,Sensitivity,0
GLYOXm,Astrocyte,Sensitivity,0.28164175271335695
DM_nadph(c)_Neuron,Terminal,Sensitivity,0.28164175271335673
GLYOXm_Neuron,Neuron,Sensitivity,0.28164175271335673
EX_lac-D(e),Exchange,Sensitivity,0.2816417527133566
CYSO,Astrocyte,Sensitivity,0.2730459438691784
PPAt_Neuron,Neuron,Sensitivity,0.2613192597124655
H2Ot,Astrocyte,Sensitivity,7.474347571287142e-17
NH4t3r_Neuron,Neuron,Sensitivity,1.5185976017853245e-16
NH3tm_Neuron,Neuron,Sensitivity,4.745617505579138e-17
NH4t3r_Int,Astrocyte,Sensitivity,2.8450946632094066e-32
GLNtN1_Neuron,Neuron,Sensitivity,2.2778964026779867e-16
GLNS,Astrocyte,Sensitivity,1.138948201338993e-16
GLNtN1_Int,Astrocyte,Sensitivity,3.3219322539053994e-17
GLUNm_Neuron,Neuron,Sensitivity,7.59298800892662e-17
GLNtm_Neuron,Neuron,Sensitivity,0
GLUt6_Int,Astrocyte,Sensitivity,2.8450946632094066e-32
GLUVESSEC_Neuron,Neuron,Sensitivity,0
GLUt2m_Neuron,Neuron,Sensitivity,2.847370503347483e-17
GTHOm,Astrocyte,Sensitivity,0.2545083847575647
P45011A1m,Astrocyte,Sensitivity,0.25450838475756404
"1a,24,25VITD2Hm",Astrocyte,Sensitivity,0.25450838475756393
"1a,24,25VITD3Hm",Astrocyte,Sensitivity,0.25450838475756393
"1a,25VITD2Hm",Astrocyte,Sensitivity,0.25450838475756393
"1a,25VITD3Hm",Astrocyte,Sensitivity,0.25450838475756393
FPGS8m,Astrocyte,Sensitivity,0.2545083847575631
ASPGLUm,Astrocyte,Sensitivity,0.2468311908770477
ADPRDPm_Neuron,Neuron,Sensitivity,0.2468311908770466
APOCFm_Neuron,Neuron,Sensitivity,0.24683119087704614
DTKm_Neuron,Neuron,Sensitivity,0.24683119087704608
DAKm_Neuron,Neuron,Sensitivity,0.2468311908770458
DCKm_Neuron,Neuron,Sensitivity,0.2468311908770458
DGKm_Neuron,Neuron,Sensitivity,0.2468311908770458
SSALxm,Astrocyte,Sensitivity,0.24074095757367892
ENO_Neuron,Neuron,Sensitivity,7.59298800892662e-17
GAPD_Neuron,Neuron,Sensitivity,9.016673260600362e-17
PGK_Neuron,Neuron,Sensitivity,5.694741006694966e-17
PGM_Neuron,Neuron,Sensitivity,0
PYK_Neuron,Neuron,Sensitivity,0
L-LACtm,Astrocyte,Sensitivity,0.23163182080421377
ALDD2xm,Astrocyte,Sensitivity,0.23163182080421363
AKGDm,Astrocyte,Sensitivity,0.22982072105350101
HEX1,Astrocyte,Sensitivity,1.7084223020084897e-16
PFK,Astrocyte,Sensitivity,1.7084223020084897e-16
FBA,Astrocyte,Sensitivity,0
PGI,Astrocyte,Sensitivity,0
TPI,Astrocyte,Sensitivity,0
LacLtm,Astrocyte,Sensitivity,0.2151506028648214
PCm,Astrocyte,Sensitivity,0.21279607091181432
DM_for,Terminal,Sensitivity,0.20701672498017332
PPAm,Astrocyte,Sensitivity,0.20701672498017287
DM_q10(m)_Neuron,Terminal,Sensitivity,0.2042792885112087
ACACt2_Neuron,Neuron,Sensitivity,0.20164994065519193
ALCD2if_Neuron,Neuron,Sensitivity,0.20143233217756473
ALR_Neuron,Neuron,Sensitivity,0.1999574601762108
EX_pe_hs(e),Exchange,Sensitivity,0.1995916731610817
PEFLIP_Int,Astrocyte,Sensitivity,0.1995916731610817
NaKt_Int,Astrocyte,Sensitivity,1.898247002231655e-17
SERGLNexR_Int,Astrocyte,Sensitivity,0.18018178760793127
CYSGLUexR_Int,Astrocyte,Sensitivity,0.1801817876079312
MMSAD1m_Neuron,Neuron,Sensitivity,0.1791162903049763
GLYKm_Neuron,Neuron,Sensitivity,0.17911629030497436
PNTKm_Neuron,Neuron,Sensitivity,0.17911629030497436
PEFLIPm_Neuron,Neuron,Sensitivity,0.17911629030497414
ALCD2yf_Neuron,Neuron,Sensitivity,0.1759088483639199
DM_thf(c)_Neuron,Terminal,Sensitivity,0.17424627538438464
DM_q10(m),Terminal,Sensitivity,0.1678088996947698
ASNt4_Neuron,Neuron,Sensitivity,0.16135807451028003
BTNt2_Int,Astrocyte,Sensitivity,2.8450946632094066e-32
BTNt4i_Int,Astrocyte,Sensitivity,2.8450946632094066e-32
PROD2m_Neuron,Neuron,Sensitivity,0.150696277441272
MMCDm_Neuron,Terminal,Sensitivity,0.15069627744127184
SUCOAS1m_Neuron,Neuron,Sensitivity,0.15069627744127123
SUCOASm_Neuron,Neuron,Sensitivity,0.15069627744127123
DUTPDPm_Neuron,Neuron,Sensitivity,0.1506962774412712
ACYP_Neuron,Neuron,Sensitivity,0.15069627744127118
DM_atp(m)_Neuron,Terminal,Sensitivity,0.15069627744127106
DURIK1m_Neuron,Neuron,Sensitivity,0.15069627744127106
PCFLOPm_Neuron,Neuron,Sensitivity,0.15069627744127106
PEFLIP_Neuron,Neuron,Sensitivity,0.15069627744127106
PSFLIP_Neuron,Neuron,Sensitivity,0.15069627744127106
PSFLIPm_Neuron,Neuron,Sensitivity,0.15069627744127106
TMDK1m_Neuron,Neuron,Sensitivity,0.15069627744127106
ADK1_Neuron,Neuron,Sensitivity,0.15069627744127093
CKc_Neuron,Neuron,Sensitivity,0.15069627744127093
CREATtmdiffir_Neuron,Neuron,Sensitivity,0.15069627744127093
DPGM_Neuron,Neuron,Sensitivity,0.15069627744126937
PGI_Neuron,Neuron,Sensitivity,2.4297561628565184e-15
HEX1_Neuron,Neuron,Sensitivity,1.518597601785324e-16
PFK_Neuron,Neuron,Sensitivity,1.518597601785324e-16
FBA_Neuron,Neuron,Sensitivity,0
TPI_Neuron,Neuron,Sensitivity,0
BHBt_Neuron,Neuron,Sensitivity,0.13622865829905517
ORNtiDF_Int,Astrocyte,Sensitivity,0.13078157017084208
3AIBtm,Astrocyte,Sensitivity,0.12333690560144794
DM_atp(m),Terminal,Sensitivity,0.12049383658017883
DURIK1m,Astrocyte,Sensitivity,0.12049383658017883
NTD5m,Astrocyte,Sensitivity,0.12049383658017883
HMGLm,Astrocyte,Sensitivity,0.12049383658017876
MMCDm,Astrocyte,Sensitivity,0.12049383658017872
NDPK1_Neuron,Neuron,Sensitivity,0.1185135354265836
ETF,Astrocyte,Sensitivity,0.11782879902661475
DM_for_Neuron,Terminal,Sensitivity,0.11227855560521789
Kt1r_Int,Astrocyte,Sensitivity,0
sink_vitd2,Terminal,Sensitivity,0.10415462927005131
sink_vitd3,Terminal,Sensitivity,0.10415462927005131
GLUNm,Astrocyte,Sensitivity,0.10162624639766837
DM_atp(c),Terminal,Sensitivity,0.1016262463976683
DM_pchol_hs,Terminal,Sensitivity,0.1016262463976683
PSFLIP,Astrocyte,Sensitivity,0.1016262463976683
PSFLIP_Int,Astrocyte,Sensitivity,0.1016262463976683
PSFLIPm,Astrocyte,Sensitivity,0.1016262463976683
ACYP,Astrocyte,Sensitivity,0.10162624639766826
DPGase,Astrocyte,Sensitivity,0.10162624639766826
LCADi_Dm,Astrocyte,Sensitivity,0.09559313845952844
GCC2bim,Astrocyte,Sensitivity,0.0955931384595266
GCCbim,Astrocyte,Sensitivity,0.0955931384595266
PROD2m,Astrocyte,Sensitivity,0.09236690168139318
PRO1xm,Astrocyte,Sensitivity,0.08945010681678646
PYRt2r_Int,Astrocyte,Sensitivity,0.08680866587348109
sink_tyr-L(m)_Neuron,Terminal,Sensitivity,0.07638500393186803
ADPRDPm,Astrocyte,Sensitivity,0.06386370767950153
AASAD3m,Astrocyte,Sensitivity,0.052943694115320586
ASNt4,Astrocyte,Sensitivity,0.043281074730148215
ASNt4_Int,Astrocyte,Sensitivity,0.043281074730148215
ALDD2x_Neuron,Neuron,Sensitivity,0.0423115408675274
3DPHBH2_Neuron,Neuron,Sensitivity,0.04231154086752686
ACOAD1fm_Neuron,Neuron,Sensitivity,0.04231154086752679
LSOProd_Neuron,Neuron,Sensitivity,0.04231154086752677
Htm_Neuron,Neuron,Sensitivity,0.042311540867526705
ICDHxm_Neuron,Neuron,Sensitivity,0.04231154086752646
GLUDym_Neuron,Neuron,Sensitivity,0.042311540867526413
EX_o2s(e),Exchange,Sensitivity,0.04231154086752619
L-LACtm_Neuron,Neuron,Sensitivity,0.04231154086752445
EX_btn(e),Exchange,Sensitivity,0.04231154086752433
SERt4_Int,Astrocyte,Sensitivity,0.03564676468208343
SERt4,Astrocyte,Sensitivity,0.03564676468208341
GLUDym,Astrocyte,Sensitivity,0.032483779603356355
ICDHxm,Astrocyte,Sensitivity,0.03248377960335564
Htm,Astrocyte,Sensitivity,0.03248377960335507
MMSAD3m,Astrocyte,Sensitivity,0.030982730418854926
DM_ahcys_Neuron,Terminal,Sensitivity,0.028366175824142588
ATPtm,Astrocyte,Sensitivity,0.022932679057345556
PCREATtmdiffir,Astrocyte,Sensitivity,0.022932679057345556
LSOProd,Astrocyte,Sensitivity,0.02254895615401662
DM_ahcys,Terminal,Sensitivity,0.021727838673219826
SPODMm,Astrocyte,Sensitivity,0.020084125593157923
NaEX_Neuron,Neuron,Flux,1
DM_pheme(c)_Neuron,Terminal,Flux,0
DM_pheme(c),Terminal,Flux,0
GLCt1r,Astrocyte,Flux,0.2275047612364218
Kt1r_Neuron,Neuron,Flux,0.9327452401202376
DM_7dhf,Terminal,Flux,0
DM_thf(c),Terminal,Flux,0
DM_10fthf7glu_Neuron,Terminal,Flux,0
sink_dhf(c)_Neuron,Terminal,Flux,0
DM_7thf_Neuron,Terminal,Flux,0
H2Otm_Neuron,Neuron,Flux,0.8873408209388892
GLGNS1,Astrocyte,Flux,0
DM_6dhf,Terminal,Flux,0
DM_10fthf6glu_Neuron,Terminal,Flux,0
DM_6thf_Neuron,Terminal,Flux,0
ATPS4m_Neuron,Neuron,Flux,0.8581238802303921
ATPtm_Neuron,Neuron,Flux,0.8581238802303921
PIt2m_Neuron,Neuron,Flux,0.858123880230392
GLCt1r_Neuron,Neuron,Flux,0.14347561138638967
DM_10fthf5glu_Neuron,Terminal,Flux,0
DM_5thf_Neuron,Terminal,Flux,0
NaKt_Neuron,Neuron,Flux,0.8142410713786293
DM_atp(c)_Neuron,Terminal,Flux,0.6019729206845044
sink_tyr-L(m),Terminal,Flux,0
GLCt2r,Astrocyte,Flux,0
GLCt2r_Int,Astrocyte,Flux,0
CYOR-u10m_Neuron,Neuron,Flux,0.7132870423130447
EX_crn(e),Exchange,Flux,0
DM_5thf,Terminal,Flux,0
3DPHBH2,Astrocyte,Flux,0
3DPHBH1,Astrocyte,Flux,0
DM_10fthf5glu,Terminal,Flux,0
EX_leu-L(e),Exchange,Flux,0
NADH2-u10m_Neuron,Neuron,Flux,0.6821317968990064
EX_ile-L(e),Exchange,Flux,0
EX_bhb(e),Exchange,Flux,0
EX_val-L(e),Exchange,Flux,0
EX_acac(e),Exchange,Flux,0
AACOAT_Neuron,Neuron,Flux,0
EX_pro-L(e),Exchange,Flux,0
EX_lys-L(e),Exchange,Flux,0
EX_etoh(e),Exchange,Flux,0
EX_NACASPt_Int,Exchange,Flux,0
sink_4hpro-LT(m)_Neuron,Terminal,Flux,0
EX_h2o(e),Exchange,Flux,0.594895386299718
O2t_Int,Astrocyte,Flux,0.5948953862997173
CYOOm2_Neuron,Neuron,Flux,0.5948953862997168
O2t_Neuron,Neuron,Flux,0.5948953862997173
O2tm_Neuron,Neuron,Flux,0.5948953862997173
EX_o2(e),Exchange,Flux,0.594895386299717
O2t,Astrocyte,Flux,0.594895386299717
CO2t,Astrocyte,Flux,0.5948953862997168
CO2t_Int,Astrocyte,Flux,0.5948953862997168
CO2t_Neuron,Neuron,Flux,0.5948953862997168
CO2tm_Neuron,Neuron,Flux,0.5948953862997168
EX_co2(e),Exchange,Flux,0.5948953862997168
sink_4hpro-LT(m),Terminal,Flux,0
EX_lac-L(e),Exchange,Flux,0
DM_10fthf6glu,Terminal,Flux,0
DM_6thf,Terminal,Flux,0
GLUVESSEC,Astrocyte,Flux,0
DM_6dhf_Neuron,Terminal,Flux,0
EX_ppa(e),Exchange,Flux,0
EX_3aib(e),Exchange,Flux,0
EX_4abut(e),Exchange,Flux,0
GLUt6,Astrocyte,Flux,0
EX_acald(e),Exchange,Flux,0
EX_orn(e),Exchange,Flux,0
EX_pyr(e),Exchange,Flux,0
MDHm_Neuron,Neuron,Flux,0.525771967612382
EX_ac(e),Exchange,Flux,0
C160CPT2_Neuron,Neuron,Flux,0
C204CPT2_Neuron,Neuron,Flux,0
C226CPT2_Neuron,Neuron,Flux,0
CYSGLUexR,Astrocyte,Flux,0
SERGLNexR,Astrocyte,Flux,0
GLNtN1,Astrocyte,Flux,0
DM_1a2425thvitd2_Neuron,Terminal,Flux,0
DM_1a2425thvitd3_Neuron,Terminal,Flux,0
EX_cys-L(e),Exchange,Flux,0
sink_dmgly,Terminal,Flux,0
EX_ala-B(e),Exchange,Flux,0
sink_dmgly_Neuron,Terminal,Flux,0
GLYCLTDym_Neuron,Neuron,Flux,0
EX_nh4(e),Exchange,Flux,0
ETOHMO_Neuron,Neuron,Flux,0
EX_sarcs(e),Exchange,Flux,0
GND,Astrocyte,Flux,0
AKGMALtm_Neuron,Neuron,Flux,0.4083399935410399
HMGCOASim_Neuron,Neuron,Flux,0.40833999354103956
CSm_Neuron,Neuron,Flux,0.40833999354103956
FUMm_Neuron,Neuron,Flux,0.40833999354103956
ICDHyrm_Neuron,Neuron,Flux,0.40833999354103956
PYRt2m_Neuron,Neuron,Flux,0.40833999354103956
SUCD1m_Neuron,Neuron,Flux,0.40833999354103956
ACONTm_Neuron,Neuron,Flux,0.40833999354103956
AKGDm_Neuron,Terminal,Flux,0.40833999354103956
ETF_Neuron,Neuron,Flux,0.40833999354103956
ETFQO_Neuron,Neuron,Flux,0.40833999354103956
HMGLm_Neuron,Neuron,Flux,0.40833999354103956
OCOAT1m_Neuron,Neuron,Flux,0.40833999354103956
PDHm_Neuron,Neuron,Flux,0.40833999354103956
THD1m_Neuron,Neuron,Flux,0.40833999354103945
MDH_Neuron,Neuron,Flux,0.408339993541037
ASPGLUm_Neuron,Neuron,Flux,0.408339993541037
ASPTA_Neuron,Neuron,Flux,0.408339993541037
ASPTAm_Neuron,Neuron,Flux,0.408339993541037
"24,25VITD2Hm",Astrocyte,Flux,0
"24,25VITD3Hm",Astrocyte,Flux,0
25VITD2Hm,Astrocyte,Flux,0
25VITD3Hm,Astrocyte,Flux,0
ALR,Astrocyte,Flux,0
ACSm_Neuron,Neuron,Flux,0
EX_ser-L(e),Exchange,Flux,0
COQ3m_Neuron,Neuron,Flux,0
ETOHMO,Astrocyte,Flux,0
ALCD2yf,Astrocyte,Flux,0
ALDD2y,Astrocyte,Flux,0
PYK,Astrocyte,Flux,0.3369869303271441
GAPD,Astrocyte,Flux,0.3369869303271446
PGK,Astrocyte,Flux,0.3369869303271446
ENO,Astrocyte,Flux,0.3369869303271441
PGM,Astrocyte,Flux,0.3369869303271441
LDH_L_Neuron,Neuron,Flux,0.33698693032714
L-LACt2r_Int,Astrocyte,Flux,0.33698693032714
L-LACt2r_Neuron,Neuron,Flux,0.33698693032714
LDH_L,Astrocyte,Flux,0.33698693032714
COQ7m,Astrocyte,Flux,0
DGNSKm,Astrocyte,Flux,0
MMSAD1m,Astrocyte,Flux,0
ACOAD8m_Neuron,Neuron,Flux,0
P45011A1m_Neuron,Neuron,Flux,0
GTHOm_Neuron,Neuron,Flux,0
NMNATm_Neuron,Neuron,Flux,0
EX_glc(e),Exchange,Flux,0.293960172233656
GLYOXm,Astrocyte,Flux,0
DM_nadph(c)_Neuron,Terminal,Flux,0
GLYOXm_Neuron,Neuron,Flux,0
EX_lac-D(e),Exchange,Flux,0
CYSO,Astrocyte,Flux,0
PPAt_Neuron,Neuron,Flux,0
H2Ot,Astrocyte,Flux,0.2551643238024977
NH4t3r_Neuron,Neuron,Flux,0.2551643238024936
NH3tm_Neuron,Neuron,Flux,0.2551643238024936
NH4t3r_Int,Astrocyte,Flux,0.2551643238024936
GLNtN1_Neuron,Neuron,Flux,0.2551643238024872
GLNS,Astrocyte,Flux,0.2551643238024872
GLNtN1_Int,Astrocyte,Flux,0.2551643238024872
GLUNm_Neuron,Neuron,Flux,0.2551643238024872
GLNtm_Neuron,Neuron,Flux,0.2551643238024872
GLUt6_Int,Astrocyte,Flux,0.2551643238024872
GLUVESSEC_Neuron,Neuron,Flux,0.2551643238024872
GLUt2m_Neuron,Neuron,Flux,0.25516432380248066
GTHOm,Astrocyte,Flux,0
P45011A1m,Astrocyte,Flux,0
"1a,24,25VITD2Hm",Astrocyte,Flux,0
"1a,24,25VITD3Hm",Astrocyte,Flux,0
"1a,25VITD2Hm",Astrocyte,Flux,0
"1a,25VITD3Hm",Astrocyte,Flux,0
FPGS8m,Astrocyte,Flux,0
ASPGLUm,Astrocyte,Flux,0
ADPRDPm_Neuron,Neuron,Flux,0
APOCFm_Neuron,Neuron,Flux,0
DTKm_Neuron,Neuron,Flux,0
DAKm_Neuron,Neuron,Flux,0
DCKm_Neuron,Neuron,Flux,0
DGKm_Neuron,Neuron,Flux,0
SSALxm,Astrocyte,Flux,0
ENO_Neuron,Neuron,Flux,0.23761354497840462
GAPD_Neuron,Neuron,Flux,0.23761354497840462
PGK_Neuron,Neuron,Flux,0.23761354497840462
PGM_Neuron,Neuron,Flux,0.23761354497840462
PYK_Neuron,Neuron,Flux,0.23761354497840462
L-LACtm,Astrocyte,Flux,0
ALDD2xm,Astrocyte,Flux,0
AKGDm,Astrocyte,Flux,0
HEX1,Astrocyte,Flux,0.2275047612364218
PFK,Astrocyte,Flux,0.2275047612364218
FBA,Astrocyte,Flux,0.2275047612364218
PGI,Astrocyte,Flux,0.2275047612364218
TPI,Astrocyte,Flux,0.2275047612364218
LacLtm,Astrocyte,Flux,0
PCm,Astrocyte,Flux,0
DM_for,Terminal,Flux,0
PPAm,Astrocyte,Flux,0
DM_q10(m)_Neuron,Terminal,Flux,0
ACACt2_Neuron,Neuron,Flux,0
ALCD2if_Neuron,Neuron,Flux,0
ALR_Neuron,Neuron,Flux,0
EX_pe_hs(e),Exchange,Flux,0
PEFLIP_Int,Astrocyte,Flux,0
NaKt_Int,Astrocyte,Flux,0.19532483578669
SERGLNexR_Int,Astrocyte,Flux,0
CYSGLUexR_Int,Astrocyte,Flux,0
MMSAD1m_Neuron,Neuron,Flux,0
GLYKm_Neuron,Neuron,Flux,0
PNTKm_Neuron,Neuron,Flux,0
PEFLIPm_Neuron,Neuron,Flux,0
ALCD2yf_Neuron,Neuron,Flux,0
DM_thf(c)_Neuron,Terminal,Flux,0
DM_q10(m),Terminal,Flux,0
ASNt4_Neuron,Neuron,Flux,0
BTNt2_Int,Astrocyte,Flux,0.15733754037239156
BTNt4i_Int,Astrocyte,Flux,0.15733754037239156
PROD2m_Neuron,Neuron,Flux,0
MMCDm_Neuron,Terminal,Flux,0
SUCOAS1m_Neuron,Neuron,Flux,0
SUCOASm_Neuron,Neuron,Flux,0
DUTPDPm_Neuron,Neuron,Flux,0
ACYP_Neuron,Neuron,Flux,0
DM_atp(m)_Neuron,Terminal,Flux,0
DURIK1m_Neuron,Neuron,Flux,0
PCFLOPm_Neuron,Neuron,Flux,0
PEFLIP_Neuron,Neuron,Flux,0
PSFLIP_Neuron,Neuron,Flux,0
PSFLIPm_Neuron,Neuron,Flux,0
TMDK1m_Neuron,Neuron,Flux,0
ADK1_Neuron,Neuron,Flux,0
CKc_Neuron,Neuron,Flux,0
CREATtmdiffir_Neuron,Neuron,Flux,0
DPGM_Neuron,Neuron,Flux,0
PGI_Neuron,Neuron,Flux,0.14347561138638967
HEX1_Neuron,Neuron,Flux,0.14347561138638967
PFK_Neuron,Neuron,Flux,0.14347561138638965
FBA_Neuron,Neuron,Flux,0.14347561138638965
TPI_Neuron,Neuron,Flux,0.14347561138638965
BHBt_Neuron,Neuron,Flux,0
ORNtiDF_Int,Astrocyte,Flux,0
3AIBtm,Astrocyte,Flux,0
DM_atp(m),Terminal,Flux,0
DURIK1m,Astrocyte,Flux,0
NTD5m,Astrocyte,Flux,0
HMGLm,Astrocyte,Flux,0
MMCDm,Astrocyte,Flux,0
NDPK1_Neuron,Neuron,Flux,0
ETF,Astrocyte,Flux,0
DM_for_Neuron,Terminal,Flux,0
Kt1r_Int,Astrocyte,Flux,0.11212400096301249
sink_vitd2,Terminal,Flux,0
sink_vitd3,Terminal,Flux,0
GLUNm,Astrocyte,Flux,0
DM_atp(c),Terminal,Flux,0
DM_pchol_hs,Terminal,Flux,0
PSFLIP,Astrocyte,Flux,0
PSFLIP_Int,Astrocyte,Flux,0
PSFLIPm,Astrocyte,Flux,0
ACYP,Astrocyte,Flux,0
DPGase,Astrocyte,Flux,0
LCADi_Dm,Astrocyte,Flux,0
GCC2bim,Astrocyte,Flux,0
GCCbim,Astrocyte,Flux,0
PROD2m,Astrocyte,Flux,0
PRO1xm,Astrocyte,Flux,0
PYRt2r_Int,Astrocyte,Flux,0
sink_tyr-L(m)_Neuron,Terminal,Flux,0
ADPRDPm,Astrocyte,Flux,0
AASAD3m,Astrocyte,Flux,0
ASNt4,Astrocyte,Flux,0
ASNt4_Int,Astrocyte,Flux,0
ALDD2x_Neuron,Neuron,Flux,0
3DPHBH2_Neuron,Neuron,Flux,0
ACOAD1fm_Neuron,Neuron,Flux,0
LSOProd_Neuron,Neuron,Flux,0
Htm_Neuron,Neuron,Flux,0
ICDHxm_Neuron,Neuron,Flux,0
GLUDym_Neuron,Neuron,Flux,0
EX_o2s(e),Exchange,Flux,0
L-LACtm_Neuron,Neuron,Flux,0
EX_btn(e),Exchange,Flux,0
SERt4_Int,Astrocyte,Flux,0
SERt4,Astrocyte,Flux,0
GLUDym,Astrocyte,Flux,0
ICDHxm,Astrocyte,Flux,0
Htm,Astrocyte,Flux,0
MMSAD3m,Astrocyte,Flux,0
DM_ahcys_Neuron,Terminal,Flux,0
ATPtm,Astrocyte,Flux,0
PCREATtmdiffir,Astrocyte,Flux,0
LSOProd,Astrocyte,Flux,0
DM_ahcys,Terminal,Flux,0
SPODMm,Astrocyte,Flux,0
